{
  "logreg": {
    "roc_auc": 0.7167946577629384,
    "pr_auc": 0.25267802309819803,
    "f1": 0.0784313725490196
  },
  "rf": {
    "roc_auc": 0.9995325542570952,
    "pr_auc": 0.8509090909090908,
    "f1": 0.6666666666666666
  },
  "gb": {
    "roc_auc": 0.9990651085141903,
    "pr_auc": 0.7688235294117647,
    "f1": 0.43478260869565216
  },
  "svm": {
    "roc_auc": 0.9917863105175293,
    "pr_auc": 0.37220551378446115,
    "f1": 0.3333333333333333
  },
  "dboost": {
    "roc_auc": 0.9997996661101837,
    "pr_auc": 0.8766666666666667,
    "f1": 0.5
  }
}